,County,num_tracts,n_food_des,n_urban,n_rural,urban_des,rural_des,Rural,Urban,LILATracts_1And10,high_food_des_prev,cnty_obesity_pct,cnty_obesity_pct_adj,cnty_dm_pct,cnty_dm_pct_adj,cnty_inactive_pct,cnty_inactive_pct_adj,POP2010,OHU2010,NUMGQTRS,HUNVFlag,Adolescent_births,ABR,p_hs_edatt,PC_PHYS_R,DENTIST_R,PSYCH_R,PCT_HSPNC,PCT_WHITE,PCT_BLACK,PCT_ASIAN,PCT_AMIND_ESK,PCT_ISLANDER,PCT_MULTI,PCT_OTHER,PCT_65OVER,PCT_18_64,PCT_UNDR18,PCT_UNDER5,des_percent,unemployment_rate,n_hospitals,mort_30_ami,mort_30_cabg,mort_30_copd,mort_30_hf,mort_30_pn,mort_30_stk,readm_30_ami,readm_30_cabg,readm_30_copd,readm_30_hf,readm_30_hip_knee,readm_30_hosp_wide,readm_30_pn,readm_30_stk,Chlamydia,Tuberculosis,Gonorrhea,HIV,Influenza Death (<65 years of age),Measles,Mumps,Pertussis,Rubella,Varicella Hospitalizations,opiods_rx_1000,opiods_greater_than_stateavg,MILK_PRICE10,SODA_PRICE10,MILK_SODA_PRICE10,PCH_FFR_07_12,FFR07,FFR12,pop2010_in_des
0,Alameda,360.0,15.0,354.0,6.0,15.0,0.0,0.0166666666667,0.983333333333,0.0416666666667,0.0,20.7,20.4,7.8,7.8,16.0,16.1,1510271,545138,37442.0,53,2765.0,18.09375,85.7,2543.085625,1586.53375,18435.379375,20.824375,51.65875,13.03,27.7825,1.590625,1.195625,4.663125,9.9725,10.795625,66.281875,22.920625,6.53,0.0416666666667,8.20853174603,168.0,13.8375,2.8,7.78888888889,11.3555555556,11.4444444444,13.8111111111,17.825,15.3,20.5777777778,22.6,4.85714285714,15.4727272727,17.8777777778,13.45,464.349,12.354,127.103,15.657,0.066,0.132,0.066,28.803,0.0,0.132,557.2,0,1.122215,1.164422,0.8915755,8.90287769784,1112.0,1211,56082.0
1,Alpine,1.0,0.0,0.0,1.0,0.0,0.0,1.0,0.0,0.0,0.0,24.0,23.2,9.6,7.7,18.0,17.3,1175,497,24.0,0,0.0,0.0,81.668627451,1176.0,0.0,0.0,5.36,68.96,0.34,4.08,27.13,0.0,4.51,4.0,9.86,64.03,26.11,9.44,0.0,11.6692307692,0.0,0.0,0.0,0.0,0.0,0.0,0.0,0.0,0.0,0.0,0.0,0.0,0.0,0.0,0.0,0.0,0.0,0.0,0.0,0.0,0.0,0.0,0.0,0.0,0.0,578.68,0,1.032918,1.089488,0.8770728,-50.0,2.0,1,
2,Amador,9.0,0.0,0.0,9.0,0.0,0.0,1.0,0.0,0.0,0.0,23.0,22.8,9.8,7.5,17.2,15.8,38091,14569,4551.0,2,55.0,19.0,87.7,2341.85,3025.82666667,4560.5,9.21333333333,94.4466666667,1.08,1.54666666667,3.09,0.363333333333,4.01,3.49,21.4533333333,62.17,16.38,3.29333333333,0.0,11.05625,14.0,15.3,0.0,8.7,12.4,12.5,17.1,0.0,0.0,20.6,21.9,4.9,15.0,15.7,11.4,187.518,2.641,10.564,0.0,0.0,2.641,0.0,10.564,0.0,0.0,1244.76,1,1.032918,1.089488,0.8770728,-5.55555555556,18.0,17,
3,Butte,51.0,14.0,38.0,13.0,13.0,1.0,0.254901960784,0.745098039216,0.274509803922,1.0,24.3,24.3,8.1,7.3,16.8,16.3,220000,87618,4942.0,13,590.0,23.8875,86.1,861.2775,2532.1875,6141.97625,13.28125,90.34375,1.4,3.62875,4.29375,0.60875,4.95,5.03875,15.455,61.51375,23.0325,5.30375,0.274509803922,11.2293577982,56.0,13.4333333333,3.2,7.55,10.375,10.975,13.3666666667,16.5666666667,14.6,21.625,22.475,5.43333333333,16.225,17.875,12.7666666667,364.594,0.909,27.731,2.273,0.0,0.0,0.0,14.547,0.0,0.455,1389.2,1,0.9964433,1.130546,0.8153738,2.68456375839,149.0,153,58979.0
4,Calaveras,10.0,0.0,2.0,8.0,0.0,0.0,0.8,0.2,0.0,0.0,25.8,25.3,9.1,6.7,17.7,16.1,45578,18886,493.0,1,73.0,17.7,93.1,2190.19,2420.74,45994.0,9.99,93.92,1.21,1.68,3.39,0.15,2.64,2.37,20.03,59.92,20.05,4.14,0.0,8.125,14.0,0.0,0.0,8.0,12.2,10.9,14.6,0.0,0.0,20.8,22.3,4.8,15.7,16.6,14.4,105.597,0.0,13.2,2.2,0.0,0.0,0.0,19.799,0.0,0.0,1068.98,1,1.032918,1.089488,0.8770728,-7.40740740741,27.0,25,
5,Colusa,5.0,1.0,2.0,3.0,1.0,0.0,0.6,0.4,0.2,0.0,22.6,22.3,7.8,7.4,15.8,15.5,21419,7056,225.0,0,73.0,29.625,68.7,2974.2275,3280.875,1927.5,49.595,73.255,1.535,1.9925,3.765,0.545,4.6975,24.02,11.985,58.805,29.2075,7.8625,0.2,14.952173913,14.0,0.0,0.0,7.8,11.5,10.9,0.0,0.0,0.0,20.6,21.5,0.0,15.5,16.8,0.0,144.3,13.965,0.0,0.0,0.0,0.0,0.0,51.203,0.0,0.0,836.42,1,1.032918,1.089488,0.8770728,-16.6666666667,12.0,10,6055.0
6,Contra Costa,208.0,15.0,202.0,6.0,15.0,0.0,0.0288461538462,0.971153846154,0.0721153846154,0.0,23.7,23.4,7.6,7.0,16.4,16.1,1049025,375364,10314.0,30,1894.0,16.7090909091,88.4,1972.29636364,1642.19727273,11277.6736364,24.3181818182,65.9845454545,10.4336363636,15.9245454545,1.34636363636,0.812727272727,4.54545454545,10.4727272727,11.94,62.9445454545,25.1154545455,6.62454545455,0.0721153846154,7.73059701493,98.0,14.225,2.75,7.68,11.4,10.58,13.98,16.875,12.9,19.68,21.1,5.175,14.6571428571,16.52,12.3,369.417,3.136,78.027,9.029,0.095,0.095,0.0,19.483,0.0,0.0,767.82,1,1.122215,1.164422,0.8915755,1.76848874598,622.0,633,77910.0
7,Del Norte,7.0,3.0,4.0,3.0,2.0,1.0,0.428571428571,0.571428571429,0.428571428571,1.0,25.5,25.3,8.8,8.1,18.0,17.7,28610,9907,3818.0,2,128.0,49.7,82.1,862.76,3163.44,4745.17,17.2,78.9,5.04,3.65,10.01,1.04,6.59,8.35,13.82,63.85,22.32,5.99,0.428571428571,9.992,14.0,13.8,0.0,7.6,10.7,12.3,14.5,16.6,0.0,19.6,23.3,0.0,15.3,16.9,12.2,161.16,0.0,3.503,3.503,0.0,0.0,0.0,56.056,0.0,0.0,1604.28,1,0.9964433,1.130546,0.8153738,-21.4285714286,14.0,11,7023.0
8,El Dorado,43.0,3.0,20.0,23.0,2.0,1.0,0.53488372093,0.46511627907,0.0697674418605,0.0,20.3,19.7,8.1,6.8,15.2,14.4,181058,70223,1643.0,3,234.0,14.44,93.4,4133.862,3867.794,14090.942,11.49,91.686,0.988,3.392,2.644,0.376,3.318,4.386,14.238,63.546,22.212,5.016,0.0697674418605,8.65671641791,28.0,12.8,0.0,7.85,10.35,11.4,15.8,16.5,0.0,19.6,20.1,4.65,14.5,16.9,11.2,134.31,0.553,8.843,2.211,0.0,0.0,0.0,29.847,0.0,0.0,1066.12,1,1.032918,1.089488,0.8770728,-15.9663865546,119.0,100,10937.0
9,Fresno,199.0,31.0,170.0,29.0,26.0,5.0,0.145728643216,0.854271356784,0.155778894472,0.0,29.4,29.2,9.0,9.1,20.0,20.1,930450,289391,17523.0,44,5439.0,49.4285714286,72.9,4179.92071429,3755.86214286,16305.3842857,59.4907142857,69.3207142857,5.04428571429,7.77142857143,2.14,0.215,3.14071428571,18.8707142857,8.59357142857,59.815,31.5921428571,9.15928571429,0.155778894472,11.708650519,126.0,13.8,3.1,9.025,12.54,13.05,16.4,17.42,14.6666666667,20.15,23.0666666667,4.3,15.0125,17.3,13.6333333333,638.821,5.899,85.591,11.047,0.0,0.0,0.0,58.991,0.0,0.215,635.82,1,0.9964433,1.130546,0.8153738,6.09981515712,541.0,574,167641.0
10,Glenn,6.0,3.0,3.0,3.0,3.0,0.0,0.5,0.5,0.5,1.0,26.8,26.6,7.8,7.1,18.7,18.2,28122,9800,316.0,2,119.0,38.4,72.3,2855.69333333,1529.54666667,0.0,44.1033333333,75.1833333333,0.956666666667,2.46666666667,3.14333333333,0.0766666666667,2.71666666667,20.9233333333,11.9366666667,59.1433333333,28.9166666667,8.86,0.5,10.1454545455,14.0,0.0,0.0,0.0,11.5,11.4,0.0,0.0,0.0,0.0,21.3,0.0,15.3,16.2,0.0,163.445,3.553,24.872,0.0,0.0,0.0,0.0,3.553,0.0,0.0,965.46,1,0.9964433,1.130546,0.8153738,-27.7777777778,18.0,13,20729.0
11,Humboldt,30.0,8.0,16.0,14.0,6.0,2.0,0.466666666667,0.533333333333,0.266666666667,0.0,26.5,26.3,8.4,7.8,17.2,16.9,134623,56031,5014.0,5,293.0,22.98,90.9,1607.54,2103.22,960.04,7.462,80.452,1.208,3.314,15.498,0.722,4.576,3.688,13.368,64.714,21.92,5.924,0.266666666667,8.53827160494,56.0,14.6,0.0,9.76666666667,13.2666666667,12.2666666667,15.8333333333,16.1,0.0,20.0666666667,20.2666666667,4.1,14.7666666667,15.0666666667,12.1666666667,259.179,0.743,23.022,1.485,0.0,0.0,0.0,43.073,0.0,0.0,1385.34,1,0.9964433,1.130546,0.8153738,3.33333333333,90.0,93,32519.0
12,Imperial,31.0,9.0,20.0,11.0,6.0,3.0,0.354838709677,0.645161290323,0.290322580645,1.0,23.5,23.3,7.4,7.5,23.1,23.2,174528,49126,10684.0,11,1032.0,40.34,62.9,2924.672,10969.084,1751.112,69.738,67.028,4.174,1.838,11.69,0.24,2.924,18.022,11.558,58.27,30.174,9.178,0.290322580645,17.9081395349,28.0,15.2,0.0,7.45,11.25,12.45,12.55,17.0,0.0,21.6,22.3,4.95,15.7,18.05,12.15,374.521,13.681,14.251,0.0,0.0,0.0,0.0,5.13,0.0,0.57,511.2,0,0.9964433,1.130546,0.8153738,2.0,100.0,102,58963.0
13,Inyo,6.0,1.0,2.0,4.0,0.0,1.0,0.666666666667,0.333333333333,0.166666666667,0.0,23.8,23.7,9.3,7.4,15.9,15.0,18546,8049,433.0,0,53.0,26.7666666667,81.668627451,1300.65,1514.96666667,4286.33333333,18.5233333333,78.3333333333,0.906666666667,1.51333333333,10.6866666667,0.26,1.91,10.34,19.25,59.1833333333,21.5633333333,5.59666666667,0.166666666667,6.72068965517,28.0,0.0,0.0,7.7,12.7,13.8,0.0,0.0,0.0,21.0,21.2,4.5,14.5,16.8,0.0,178.09,5.397,16.19,0.0,0.0,0.0,0.0,43.173,0.0,0.0,1077.22,1,0.9964433,1.130546,0.8153738,6.25,16.0,17,3378.0
14,Kern,151.0,21.0,131.0,20.0,17.0,4.0,0.132450331126,0.867549668874,0.139072847682,0.0,27.8,27.6,7.8,8.2,22.1,22.3,839631,254610,36757.0,32,5411.0,49.2866666667,71.0,3453.89466667,4181.90466667,11117.2,45.0353333333,75.1206666667,4.95333333333,3.77133333333,2.52933333333,0.29,3.61533333333,17.1813333333,9.942,60.8913333333,29.168,8.146,0.139072847682,11.8895582329,126.0,14.725,3.33333333333,8.6,11.1142857143,12.7142857143,14.45,17.325,15.3333333333,20.9142857143,22.8285714286,4.9,15.8777777778,17.6714285714,13.375,626.636,4.161,115.317,12.245,0.0,0.0,0.119,44.7,0.0,0.119,664.3,1,0.9964433,1.130546,0.8153738,7.64705882353,510.0,549,134333.0
15,Kings,27.0,7.0,23.0,4.0,7.0,0.0,0.148148148148,0.851851851852,0.259259259259,0.0,24.2,24.0,7.5,8.4,19.6,20.2,152982,41233,21580.0,5,784.0,63.2,69.5,1812.96666667,8659.86333333,22562.1666667,63.4566666667,71.1933333333,7.58333333333,3.00666666667,2.17666666667,0.153333333333,2.80666666667,18.8533333333,6.35,65.7533333333,27.9,8.54,0.259259259259,12.5211267606,28.0,15.9,0.0,9.8,12.5,13.6,16.3,18.2,0.0,22.2,25.0,4.6,16.1,14.8,12.8,324.835,2.62,14.408,9.169,0.0,0.0,0.0,17.028,0.0,0.0,685.7,1,0.9964433,1.130546,0.8153738,16.0,75.0,87,36855.0
16,Lake,15.0,0.0,5.0,10.0,0.0,0.0,0.666666666667,0.333333333333,0.0,0.0,26.7,26.2,10.0,8.0,20.1,18.9,64665,26548,1085.0,2,218.0,35.8,87.3,3110.756,5344.048,8516.6,15.34,89.514,2.554,2.046,4.448,0.536,3.344,4.536,17.522,60.55,21.928,5.402,0.0,11.346,28.0,15.6,0.0,7.55,11.55,10.4,13.8,0.0,0.0,19.25,21.95,5.4,15.85,16.5,11.8,267.794,3.096,43.342,1.548,0.0,0.0,0.0,7.74,0.0,0.0,1829.16,1,1.122215,1.164422,0.8915755,8.57142857143,35.0,38,
17,Lassen,9.0,2.0,2.0,7.0,0.0,2.0,0.777777777778,0.222222222222,0.222222222222,0.0,25.6,25.3,7.5,7.8,16.6,16.9,34895,10058,9779.0,0,86.0,33.0,79.3,1645.4875,1598.45,0.0,19.9325,71.2375,9.3825,1.8875,3.6025,0.82,1.9625,15.11,11.0625,73.695,15.245,3.2175,0.222222222222,9.76129032258,14.0,0.0,0.0,8.4,11.2,11.7,0.0,0.0,0.0,20.1,20.6,0.0,14.6,17.2,0.0,202.02,0.0,0.0,2.845,0.0,0.0,0.0,2.845,0.0,0.0,1213.62,1,0.9964433,1.130546,0.8153738,0.0,15.0,15,5603.0
18,Los Angeles,2343.0,65.0,2301.0,42.0,65.0,0.0,0.0179257362356,0.982074263764,0.0277422108408,0.0,21.3,21.2,7.7,7.8,18.1,18.1,9818605,3241204,171681.0,210,30912.0,26.3632653061,75.9,3190.98131313,3496.45808081,22955.9669697,46.5351515152,54.5477777778,9.63323232323,14.1304040404,1.2002020202,0.434646464646,3.15949494949,23.4583838384,10.4801010101,64.218989899,25.301010101,6.71383838384,0.0277422108408,8.64274114972,1134.0,13.3586206897,3.076,6.85322580645,9.73134328358,10.047761194,13.3339285714,17.2781818182,15.04,19.9142857143,22.6268656716,4.67272727273,15.5067567568,17.0455882353,13.2982142857,485.224,7.347,101.986,22.042,0.041,0.081,0.204,14.196,0.0,0.204,419.64,0,1.019708,1.102873,0.8553471,6.49477351916,7175.0,7641,283107.0
19,Madera,23.0,2.0,10.0,13.0,2.0,0.0,0.565217391304,0.434782608696,0.0869565217391,0.0,29.7,29.5,9.1,8.8,18.6,18.5,150865,43317,8624.0,3,845.0,39.7,67.8,1547.38666667,2216.70333333,0.0,39.4033333333,83.7233333333,5.01333333333,2.05333333333,4.32666666667,0.27,4.92333333333,9.67333333333,12.6566666667,62.3733333333,24.9666666667,6.79,0.0869565217391,12.2758064516,14.0,15.0,0.0,10.3,14.8,15.5,17.0,18.1,0.0,20.7,22.5,4.8,15.5,16.3,13.8,463.924,1.983,54.851,7.269,0.0,0.0,0.0,79.303,0.0,0.0,668.3,1,0.9964433,1.130546,0.8153738,13.2352941176,68.0,77,20085.0
20,Marin,55.0,1.0,48.0,7.0,1.0,0.0,0.127272727273,0.872727272727,0.0181818181818,0.0,15.4,15.0,5.5,4.6,10.8,10.4,252409,103210,9044.0,3,196.0,8.6,91.9,1273.585,1685.625,1748.775,13.26,84.6525,3.2825,6.505,0.815,0.5,3.0575,7.55,15.855,63.845,20.2975,5.57,0.0181818181818,5.77543859649,42.0,11.7,2.6,7.65,12.6,11.0,14.7,16.1,15.6,19.2,22.45,5.0,15.4333333333,16.05,12.0,240.999,4.353,26.118,11.08,0.0,0.0,0.0,138.901,0.0,0.0,696.46,1,1.122215,1.164422,0.8915755,7.86516853933,178.0,192,5625.0
21,Mariposa,6.0,0.0,0.0,6.0,0.0,0.0,1.0,0.0,0.0,0.0,23.8,23.4,9.4,7.1,20.5,18.7,18251,7693,725.0,1,39.0,12.75,81.668627451,934.89,2133.335,0.0,12.01,87.02,3.24,4.81,5.03,0.2,3.085,2.78,12.33,73.37,14.3,2.65,0.0,10.7565217391,14.0,0.0,0.0,7.9,0.0,11.5,0.0,0.0,0.0,19.5,0.0,0.0,15.3,16.7,0.0,109.926,0.0,5.496,5.496,0.0,0.0,0.0,54.963,0.0,0.0,1106.68,1,0.9964433,1.130546,0.8153738,-36.3636363636,11.0,7,
22,Mendocino,20.0,5.0,8.0,12.0,2.0,3.0,0.6,0.4,0.25,0.0,24.8,24.6,7.7,6.6,18.8,18.0,87841,34945,2044.0,2,271.0,36.1,84.1,1441.09166667,1315.06166667,3038.00666667,18.8583333333,84.5083333333,1.1325,2.5875,8.94833333333,0.224166666667,3.185,5.85333333333,15.1225,63.2591666667,21.62,5.5425,0.25,8.575,42.0,14.8,0.0,8.03333333333,13.6666666667,12.0,15.9333333333,0.0,0.0,19.5333333333,21.4,4.9,14.5333333333,15.7333333333,12.6,295.733,0.0,17.062,1.137,0.0,0.0,0.0,30.711,0.0,0.0,1363.34,1,1.122215,1.164422,0.8915755,-16.9230769231,65.0,54,21705.0
23,Merced,49.0,10.0,36.0,13.0,10.0,0.0,0.265306122449,0.734693877551,0.204081632653,0.0,31.3,31.1,8.0,8.2,18.7,18.9,255793,75642,4896.0,14,1415.0,42.45,66.9,2258.94333333,5483.35,19784.7783333,58.8933333333,65.705,3.89833333333,7.81833333333,1.82666666667,0.396666666667,2.71166666667,23.255,8.66833333333,59.2366666667,32.0966666667,8.82166666667,0.204081632653,13.5834782609,28.0,15.6,0.0,8.5,13.2,12.75,16.0,16.1,0.0,21.6,22.25,4.2,15.4,17.4,11.5,388.845,2.345,29.701,7.425,0.0,0.0,0.0,51.195,0.0,0.0,658.96,1,0.9964433,1.130546,0.8153738,7.5,120.0,129,56432.0
24,Modoc,4.0,3.0,1.0,3.0,0.0,3.0,0.75,0.25,0.75,1.0,25.1,24.8,8.8,6.8,20.4,18.8,9686,4064,357.0,1,10.0,16.1,81.668627451,336.333333333,718.286666667,0.0,14.58,90.1333333333,0.606666666667,1.46333333333,4.74,0.543333333333,1.61666666667,4.13666666667,20.3233333333,57.5833333333,22.0966666667,6.32666666667,0.75,11.9818181818,28.0,0.0,0.0,0.0,0.0,13.2,0.0,0.0,0.0,0.0,0.0,0.0,15.0,0.0,0.0,10.364,0.0,0.0,0.0,0.0,0.0,0.0,0.0,0.0,0.0,1321.18,1,0.9964433,1.130546,0.8153738,16.6666666667,6.0,7,6168.0
25,Mono,3.0,0.0,1.0,2.0,0.0,0.0,0.666666666667,0.333333333333,0.0,0.0,20.8,20.5,6.6,6.6,12.6,12.7,14202,5768,222.0,1,23.0,17.9,81.668627451,1908.64,1007.75,0.0,23.225,84.875,1.17,0.26,6.695,0.905,2.36,8.735,8.505,70.325,21.17,6.785,0.0,6.27222222222,14.0,0.0,0.0,0.0,0.0,0.0,0.0,0.0,0.0,0.0,0.0,5.0,15.3,0.0,0.0,210.763,0.0,14.051,0.0,0.0,0.0,0.0,126.458,0.0,0.0,420.4,0,1.032918,1.089488,0.8770728,0.0,19.0,19,
26,Monterey,93.0,7.0,77.0,16.0,6.0,1.0,0.172043010753,0.827956989247,0.0752688172043,0.0,22.8,22.7,6.9,7.0,15.4,15.4,415057,125946,18702.0,9,2128.0,35.925,70.8,2363.035,4363.465,4488.01875,47.19875,78.30125,3.01125,5.675,2.2975,1.11625,3.37125,13.69125,9.7925,64.6125,25.59375,7.4225,0.0752688172043,9.73473684211,56.0,12.8,2.95,7.2,11.475,13.0,13.5666666667,15.85,14.4,20.95,20.275,4.75,14.575,16.1,12.3,342.572,5.045,19.459,5.525,0.0,0.0,0.0,31.711,0.0,0.0,586.22,0,0.9964433,1.130546,0.8153738,9.38775510204,245.0,268,34378.0
27,Napa,40.0,0.0,31.0,9.0,0.0,0.0,0.225,0.775,0.0,0.0,23.6,23.4,7.2,6.3,14.2,13.7,136484,48876,4918.0,2,301.0,22.3,82.5,1643.25,2423.21333333,3442.78666667,28.405,83.8016666667,2.24666666667,8.01833333333,1.79,0.515,2.595,6.37,15.7,62.4216666667,21.8783333333,5.86333333333,0.0,6.70547945205,28.0,14.6,3.25,6.85,10.7,11.15,14.7,16.9,15.9,20.75,22.6,5.15,14.2,16.1,12.5,194.429,4.386,20.466,5.117,0.0,0.0,0.0,18.273,0.0,0.731,800.72,1,1.122215,1.164422,0.8915755,22.8571428571,70.0,86,
28,Nevada,20.0,3.0,10.0,10.0,3.0,0.0,0.5,0.5,0.15,0.0,18.5,18.0,7.2,5.5,13.4,12.4,98764,41527,1175.0,3,138.0,16.9,94.9,1547.345,1400.7,3945.9,10.17,94.48,0.64,1.675,2.32,0.295,2.205,2.915,13.88,64.855,21.265,5.38,0.15,7.83902439024,28.0,13.2,0.0,7.2,11.35,9.85,15.3,17.0,0.0,20.9,20.9,5.05,15.35,16.75,12.6,144.994,0.0,7.098,2.028,0.0,0.0,0.0,23.321,0.0,0.0,1040.18,1,1.032918,1.089488,0.8770728,18.8679245283,53.0,63,16935.0
29,Orange,583.0,6.0,579.0,4.0,6.0,0.0,0.00686106346484,0.993138936535,0.0102915951973,0.0,20.4,20.3,7.4,7.3,16.0,16.0,3010232,992781,39236.0,45,6635.0,19.137037037,83.1,1906.12296296,1496.55296296,23790.9596296,32.4066666667,64.7337037037,2.07111111111,19.057037037,0.925925925926,0.549259259259,2.78259259259,15.6348148148,11.5281481481,63.6692592593,24.8014814815,6.54333333333,0.0102915951973,6.69711846318,322.0,13.5375,2.8,7.32352941176,11.2352941176,10.9105263158,13.76875,16.7294117647,14.4888888889,20.3823529412,21.8944444444,4.66666666667,14.8818181818,16.7473684211,12.9125,267.23,7.424,37.683,9.28,0.066,0.066,0.0,16.538,0.0,0.298,509.28,0,1.019708,1.102873,0.8553471,8.21484992101,2532.0,2740,26194.0
30,Placer,85.0,6.0,69.0,16.0,6.0,0.0,0.188235294118,0.811764705882,0.0705882352941,0.0,22.8,22.6,7.2,6.2,14.5,13.9,348432,132627,3807.0,5,427.0,12.5666666667,93.2,3089.46666667,2401.11333333,8716.76833333,12.4716666667,90.3916666667,1.34333333333,4.81,2.05,0.493333333333,2.92666666667,4.00166666667,14.7516666667,63.1683333333,22.0833333333,5.26166666667,0.0705882352941,7.3095890411,42.0,14.3,0.0,7.45,11.9,9.75,15.45,15.25,0.0,18.65,18.95,4.7,14.2333333333,16.7,11.2,171.866,0.856,18.272,2.569,0.285,0.0,0.0,22.839,0.0,0.0,896.8,1,1.032918,1.089488,0.8770728,2.7397260274,292.0,300,25433.0
31,Plumas,7.0,1.0,0.0,7.0,0.0,1.0,1.0,0.0,0.142857142857,0.0,23.0,22.5,9.3,6.9,17.7,16.2,20007,8977,277.0,0,37.0,25.0,90.7,802.772,1665.05,1308.4,7.256,94.064,0.866,1.006,4.666,0.07,2.186,1.878,20.708,62.002,17.286,3.448,0.142857142857,10.85,42.0,0.0,0.0,0.0,11.4,10.8333333333,0.0,0.0,0.0,0.0,22.35,0.0,15.1666666667,16.9333333333,0.0,276.326,0.0,15.072,5.024,0.0,0.0,0.0,10.048,0.0,0.0,1351.18,1,1.032918,1.089488,0.8770728,-31.25,16.0,11,4760.0
32,Riverside,453.0,54.0,404.0,49.0,53.0,1.0,0.108167770419,0.891832229581,0.119205298013,0.0,27.0,26.9,9.5,9.1,20.3,20.1,2189641,686260,35829.0,39,7848.0,31.3130434783,78.8,4160.25043478,3227.71,24776.9208696,44.2295652174,68.7717391304,7.32260869565,5.82391304348,1.93391304348,0.524347826087,3.61347826087,19.4504347826,12.3847826087,60.4330434783,27.1804347826,7.21,0.119205298013,11.0154362416,224.0,14.5666666667,3.525,8.16923076923,11.1916666667,12.0333333333,15.2833333333,16.9333333333,14.8,20.0785714286,22.5076923077,4.65454545455,15.45625,17.0266666667,13.2416666667,323.598,3.33,35.266,9.444,0.182,0.0,0.046,21.306,0.0,0.0,583.28,0,1.019708,1.102873,0.8553471,9.35534591195,1272.0,1391,282522.0
33,Sacramento,317.0,25.0,304.0,13.0,25.0,0.0,0.0410094637224,0.958990536278,0.0788643533123,0.0,27.7,27.4,9.2,9.0,18.4,18.3,1418788,513945,23787.0,56,4300.0,25.65,84.9,3564.5525,2410.42,7192.84,21.050625,64.881875,10.77125,16.66875,2.285,1.283125,5.17,9.756875,12.00375,62.37375,25.62125,6.880625,0.0788643533123,9.93961352657,126.0,14.1714285714,2.375,7.96666666667,11.15,11.4857142857,15.225,17.2285714286,12.875,20.8,22.4625,4.33333333333,15.425,16.6142857143,12.625,594.33,4.577,133.004,12.674,0.0,0.0,0.0,12.322,0.0,0.07,853.64,1,1.032918,1.089488,0.8770728,0.3,1000.0,1003,115362.0
34,San Benito,11.0,2.0,8.0,3.0,2.0,0.0,0.272727272727,0.727272727273,0.181818181818,0.0,24.3,24.0,7.4,7.3,15.1,15.1,55269,16805,289.0,0,150.0,21.7,74.7,2724.6,3027.33,18164.0,54.75,73.17,1.52,4.53,2.78,0.54,5.37,23.36,9.41,60.88,29.7,7.65,0.181818181818,11.3282051282,14.0,13.4,0.0,7.2,11.3,14.2,15.1,17.6,0.0,20.8,22.2,5.2,15.4,17.0,11.4,319.887,1.807,16.265,7.229,0.0,0.0,0.0,12.651,0.0,0.0,636.38,1,0.9964433,1.130546,0.8153738,-25.0,32.0,24,8030.0
35,San Bernardino,369.0,64.0,333.0,36.0,59.0,5.0,0.0975609756098,0.90243902439,0.173441734417,0.0,28.2,27.9,8.5,8.7,20.4,20.6,2035210,611618,40054.0,50,9279.0,39.172,77.7,3403.11961538,3020.20961538,16879.3811538,36.3507692308,72.0296153846,8.16538461538,5.555,2.62961538462,0.59,3.74961538462,15.0488461538,10.2588461538,62.175,27.5665384615,7.92961538462,0.173441734417,10.9194174757,266.0,13.65,2.75,7.44285714286,11.3866666667,11.75,13.8181818182,17.1875,15.15,20.1142857143,22.5,4.7625,14.95625,16.6933333333,13.0363636364,426.045,2.943,55.923,9.468,0.049,0.049,0.0,8.928,0.0,0.098,608.56,1,1.019708,1.102873,0.8553471,5.45182972367,1339.0,1412,356923.0
36,San Diego,628.0,22.0,598.0,30.0,20.0,2.0,0.0477707006369,0.952229299363,0.0350318471338,0.0,23.1,22.9,7.5,7.5,16.1,16.2,3095313,1086865,101966.0,47,8267.0,23.95,85.1,2684.88447368,3058.97210526,9507.45210526,29.0702631579,76.7368421053,5.45368421053,10.4707894737,2.91236842105,0.827105263158,4.12421052632,7.98052631579,11.9144736842,64.4471052632,23.6381578947,6.44868421053,0.0350318471338,7.84487179487,238.0,13.6428571429,3.2,7.53333333333,11.26875,10.7875,14.3428571429,16.3785714286,15.1,19.5,21.53125,4.81428571429,14.83125,16.675,12.85,495.117,7.155,65.197,0.0,0.064,0.161,0.0,36.74,0.0,0.29,526.14,0,1.032918,1.089488,0.8770728,7.13983945923,2367.0,2536,99389.0
37,San Francisco,196.0,10.0,194.0,2.0,10.0,0.0,0.0102040816327,0.989795918367,0.0510204081633,0.0,16.0,16.0,6.9,7.0,15.9,16.0,805235,345811,24264.0,23,636.0,13.3857142857,85.5,1529.67,1864.685,6327.0925,14.27875,53.65375,7.2675,36.3925,1.23875,0.7275,3.5325,4.575,13.8625,72.33625,13.80125,4.45125,0.0510204081633,7.41079812207,154.0,14.4142857143,3.15,7.17142857143,11.3222222222,11.07,14.575,17.7,15.65,20.5142857143,22.9777777778,4.48333333333,15.0111111111,17.41,12.725,570.497,12.154,240.229,55.437,0.0,0.248,0.0,17.487,0.124,0.0,514.08,0,1.122215,1.164422,0.8915755,17.5202156334,742.0,872,30772.0
38,San Joaquin,139.0,7.0,121.0,18.0,7.0,0.0,0.129496402878,0.870503597122,0.0503597122302,0.0,31.0,30.6,9.5,9.4,21.3,21.3,685306,215007,14354.0,15,2821.0,26.76,75.7,6386.294,3908.676,9806.932,33.998,68.502,7.294,14.775,2.29,0.799,5.193,12.045,10.957,60.407,28.637,7.349,0.0503597122302,12.4027149321,98.0,14.6166666667,5.2,9.0,12.05,12.9333333333,16.4333333333,16.52,14.5,20.75,23.25,4.74,15.6571428571,16.9333333333,13.0166666667,535.119,6.7,103.266,13.691,0.0,0.0,0.0,12.235,0.0,0.0,791.36,1,1.032918,1.089488,0.8770728,-8.57787810384,443.0,405,32078.0
39,San Luis Obispo,53.0,2.0,40.0,13.0,2.0,0.0,0.245283018868,0.754716981132,0.0377358490566,0.0,20.0,19.8,6.7,6.0,14.6,14.1,269637,102016,17006.0,8,483.0,19.26,88.4,2089.598,1819.378,16119.71,19.216,87.626,2.488,3.978,2.16,0.306,3.148,6.722,15.134,65.522,19.346,5.072,0.0377358490566,7.57983193277,42.0,15.3666666667,2.7,9.36666666667,11.6666666667,10.7666666667,14.9,15.85,14.7,19.4333333333,20.8333333333,4.6,14.5666666667,16.6,12.3333333333,249.558,1.483,11.495,7.045,0.0,0.0,0.0,137.572,0.0,0.742,822.56,1,0.9964433,1.130546,0.8153738,-5.57939914163,233.0,220,6347.0
40,San Mateo,158.0,3.0,151.0,7.0,3.0,0.0,0.0443037974684,0.955696202532,0.0189873417722,0.0,20.0,19.7,7.2,6.6,15.4,15.2,718451,257837,8853.0,10,955.0,14.3555555556,88.3,2356.471,1494.647,6160.407,24.799,68.91,3.174,21.076,0.957,1.675,3.889,8.506,12.816,64.633,22.548,6.348,0.0189873417722,6.066875,98.0,13.4,3.26666666667,8.2,10.6,11.0666666667,14.9,15.8333333333,14.1333333333,19.2666666667,20.8,4.36666666667,14.8571428571,16.4333333333,12.55,273.321,8.198,29.319,7.365,0.0,0.0,0.0,26.54,0.0,0.0,492.12,0,1.122215,1.164422,0.8915755,7.28744939271,494.0,530,14557.0
41,Santa Barbara,90.0,3.0,77.0,13.0,2.0,1.0,0.144444444444,0.855555555556,0.0333333333333,0.0,19.2,19.2,6.6,6.4,15.0,14.9,423895,142104,17782.0,9,1493.0,27.8875,79.8,3307.525,2134.91375,11549.8725,42.6375,79.69875,1.97625,5.04875,2.3325,0.30375,3.28,14.15625,12.9125,63.37625,23.71125,6.69125,0.0333333333333,7.25,70.0,13.8,3.25,9.3,11.84,12.06,16.6333333333,16.75,13.95,19.3666666667,20.54,4.3,14.42,15.9,10.9666666667,335.597,7.075,15.565,3.302,0.0,0.0,0.0,15.565,0.0,0.0,659.16,1,0.9964433,1.130546,0.8153738,10.5442176871,294.0,325,7978.0
42,Santa Clara,372.0,14.0,363.0,9.0,14.0,0.0,0.0241935483871,0.975806451613,0.0376344086022,0.0,21.0,20.8,7.6,7.6,16.2,16.2,1781642,604204,30350.0,34,3150.0,18.20625,86.2,3736.345,1229.455625,19500.59,26.91,53.93,3.209375,32.931875,1.200625,0.66375,3.8725,12.19125,10.65125,65.13625,24.211875,7.20125,0.0376344086022,7.42777777778,154.0,14.1444444444,3.3,7.3,11.575,10.5625,15.0333333333,17.5,14.78,20.2571428571,21.8,4.93333333333,15.1888888889,17.1375,12.6666666667,316.535,10.803,33.473,7.892,0.0,0.28,0.056,26.756,0.0,0.056,438.88,0,1.122215,1.164422,0.8915755,9.87460815047,1276.0,1402,75876.0
43,Santa Cruz,52.0,4.0,45.0,7.0,4.0,0.0,0.134615384615,0.865384615385,0.0769230769231,0.0,20.1,19.8,6.0,5.9,11.0,11.0,262382,94355,10969.0,4,674.0,26.475,84.6,2040.94166667,6807.125,5418.99166667,26.9716666667,89.4533333333,1.94166666667,4.56,1.685,0.281666666667,3.52666666667,6.61166666667,9.82333333333,69.1116666667,21.6166666667,5.54333333333,0.0769230769231,9.27155172414,42.0,14.7,2.7,8.2,13.5,12.35,14.05,15.75,14.6,20.85,20.5,4.73333333333,14.0666666667,16.1,11.6,289.154,3.8,17.858,3.42,0.0,0.0,0.0,33.057,0.0,0.38,784.92,1,0.9964433,1.130546,0.8153738,22.5806451613,155.0,190,19996.0
44,Shasta,48.0,9.0,27.0,21.0,8.0,1.0,0.4375,0.5625,0.1875,0.0,28.0,28.0,9.0,7.5,19.9,19.0,177223,70346,2654.0,11,513.0,31.575,87.9,2932.99875,2214.99375,590.25625,6.435,92.15125,1.25625,2.85625,5.69125,0.4025,4.20375,2.18625,18.42375,61.30125,20.275,4.67625,0.1875,10.9352941176,56.0,13.85,2.9,8.43333333333,13.0,12.9666666667,16.6,17.8,15.4,20.0333333333,20.5,4.95,14.7,16.8,12.2,234.423,1.127,20.287,2.254,0.0,0.0,0.0,18.033,0.0,0.0,1382.94,1,0.9964433,1.130546,0.8153738,-12.7516778523,149.0,130,38131.0
45,Sierra,1.0,0.0,0.0,1.0,0.0,0.0,1.0,0.0,0.0,0.0,23.4,22.8,9.5,6.9,19.3,17.4,3240,1482,33.0,0,0.0,0.0,81.668627451,0.0,1122.0,0.0,7.84,93.35,1.25,0.15,0.53,0.0,0.62,5.35,20.14,62.57,17.29,4.25,0.0,11.0266666667,0.0,0.0,0.0,0.0,0.0,0.0,0.0,0.0,0.0,0.0,0.0,0.0,0.0,0.0,0.0,92.908,0.0,0.0,0.0,0.0,0.0,0.0,0.0,0.0,0.0,1393.0,1,1.032918,1.089488,0.8770728,-50.0,2.0,1,
46,Siskiyou,14.0,5.0,3.0,11.0,1.0,4.0,0.785714285714,0.214285714286,0.357142857143,1.0,23.3,22.8,8.8,6.7,19.8,18.3,44900,19505,474.0,3,103.0,38.42,89.3,1362.985,1632.0525,1029.75,13.7175,91.1275,2.4475,2.49125,7.91875,0.415,6.5125,2.6675,18.6925,60.2525,21.0525,4.96625,0.357142857143,12.5833333333,28.0,0.0,0.0,7.9,13.25,13.9,17.0,0.0,0.0,20.1,20.65,4.3,14.75,15.75,12.4,162.598,0.0,13.364,2.227,0.0,0.0,0.0,22.274,0.0,0.0,1254.24,1,0.9964433,1.130546,0.8153738,-3.44827586207,29.0,28,12609.0
47,Solano,96.0,7.0,89.0,7.0,7.0,0.0,0.0729166666667,0.927083333333,0.0729166666667,0.0,27.1,26.7,10.4,9.8,20.6,20.4,413344,141758,12452.0,10,1042.0,19.1666666667,85.9,1363.385,1551.835,6620.29,23.5583333333,64.7766666667,12.5516666667,14.385,2.35666666667,1.30166666667,6.24333333333,11.625,13.5316666667,61.6416666667,24.8266666667,6.36333333333,0.0729166666667,9.07159763314,56.0,14.35,3.1,7.2,11.6333333333,11.65,14.6,17.0,14.6,20.7,22.5333333333,5.45,15.025,17.75,12.5,503.251,4.841,105.782,7.504,0.242,0.0,0.0,9.683,0.0,0.0,858.0,1,1.122215,1.164422,0.8915755,-3.78006872852,291.0,280,23110.0
48,Sonoma,99.0,7.0,77.0,22.0,7.0,0.0,0.222222222222,0.777777777778,0.0707070707071,0.0,22.5,22.1,6.6,5.9,13.7,13.4,483878,185825,10043.0,15,912.0,16.0222222222,86.4,3668.28222222,2715.57444444,9794.70777778,21.5888888889,85.9366666667,1.32666666667,3.36,2.15888888889,0.46,2.63777777778,9.60222222222,14.7677777778,63.7444444444,21.4888888889,5.43555555556,0.0707070707071,7.35879120879,84.0,13.7666666667,2.95,8.78,12.48,12.78,15.24,15.4333333333,13.8,19.14,19.62,4.08,14.0833333333,16.02,12.08,243.787,1.859,20.04,0.0,0.0,0.0,0.0,50.823,0.0,0.62,915.2,1,1.122215,1.164422,0.8915755,-6.875,320.0,298,49170.0
49,Stanislaus,94.0,12.0,82.0,12.0,12.0,0.0,0.127659574468,0.872340425532,0.127659574468,0.0,30.8,30.5,8.3,8.1,20.5,20.4,514453,165180,6305.0,22,2157.0,34.4,75.1,1496.31555556,6917.54555556,13225.9144444,42.3422222222,79.1133333333,3.22222222222,5.61555555556,2.11666666667,0.864444444444,3.72555555556,13.0122222222,10.1977777778,60.2822222222,29.52,7.96222222222,0.127659574468,13.1335294118,70.0,13.4333333333,2.93333333333,9.025,12.1,12.2,15.5666666667,16.7,14.5,21.4,22.975,5.12,15.06,17.3,12.0,362.201,3.106,32.416,5.823,0.0,0.0,0.194,30.863,0.0,0.0,1064.76,1,1.032918,1.089488,0.8770728,4.67289719626,321.0,336,61925.0
50,Sutter,21.0,5.0,16.0,5.0,4.0,1.0,0.238095238095,0.761904761905,0.238095238095,0.0,25.9,25.7,8.4,7.9,20.8,20.5,94737,31437,1060.0,4,301.0,25.8,77.9,426.343333333,2106.16333333,2066.12666667,28.9633333333,74.3766666667,1.60333333333,11.1233333333,3.93666666667,0.896666666667,5.35333333333,13.76,13.51,59.4833333333,27.0066666667,7.01333333333,0.238095238095,13.087037037,14.0,0.0,0.0,0.0,0.0,0.0,0.0,0.0,0.0,0.0,0.0,5.3,15.6,0.0,0.0,251.466,3.17,31.697,7.396,0.0,0.0,0.0,5.283,0.0,0.0,1009.14,1,1.032918,1.089488,0.8770728,-3.57142857143,56.0,54,24610.0
51,Tehama,11.0,5.0,4.0,7.0,3.0,2.0,0.636363636364,0.363636363636,0.454545454545,1.0,26.0,25.9,8.9,7.6,16.9,16.0,63463,23767,842.0,3,247.0,34.025,81.6,1426.52,1893.385,0.0,17.795,87.59,1.6925,1.435,4.425,0.1875,4.2425,8.9975,17.88,58.175,23.9475,6.415,0.454545454545,10.9485714286,14.0,0.0,0.0,8.8,13.4,11.6,13.8,0.0,0.0,18.6,18.8,4.3,15.0,16.2,12.1,263.092,0.0,4.726,3.151,0.0,0.0,0.0,15.754,0.0,0.0,1452.9,1,0.9964433,1.130546,0.8153738,19.3548387097,31.0,37,29778.0
52,Trinity,5.0,2.0,0.0,5.0,0.0,2.0,1.0,0.0,0.4,1.0,25.1,24.6,9.5,7.2,21.0,19.3,13786,6083,385.0,0,27.0,29.45,81.668627451,482.0625,1636.375,0.0,5.4675,93.8825,0.5175,1.7075,8.5625,1.3775,6.615,1.195,18.3375,64.1175,17.545,3.53,0.4,15.1642857143,14.0,0.0,0.0,0.0,11.5,10.8,0.0,0.0,0.0,0.0,21.7,0.0,15.9,18.0,0.0,116.746,0.0,7.297,7.297,0.0,0.0,0.0,0.0,0.0,0.0,1419.62,1,0.9964433,1.130546,0.8153738,0.0,12.0,12,3256.0
53,Tulare,78.0,14.0,59.0,19.0,12.0,2.0,0.24358974359,0.75641025641,0.179487179487,0.0,29.5,29.3,7.4,7.6,21.6,21.8,442179,130352,4772.0,18,3007.0,48.9666666667,67.3,2632.07333333,3605.89,15290.8744444,57.2611111111,80.2166666667,1.23444444444,3.10222222222,3.71222222222,0.235555555556,3.01777777778,14.6588888889,11.5444444444,57.9611111111,30.4955555556,8.74333333333,0.179487179487,13.1441176471,42.0,15.1,2.6,10.0666666667,13.9,15.9,17.9333333333,17.1,13.8,21.1333333333,21.9333333333,4.35,15.2666666667,14.9,13.2,357.041,5.868,20.312,4.965,0.226,0.0,0.0,51.909,0.0,0.0,717.46,1,0.9964433,1.130546,0.8153738,20.8556149733,187.0,226,72691.0
54,Tuolumne,11.0,0.0,4.0,7.0,0.0,0.0,0.636363636364,0.363636363636,0.0,0.0,22.7,22.6,7.9,6.2,19.3,17.9,55365,22156,4482.0,2,65.0,15.95,88.3,981.29,1307.6525,11554.0,13.155,86.155,5.34,1.81,3.47,0.3975,4.415,7.55,19.9925,65.33,14.6725,3.53,0.0,10.8777777778,14.0,15.4,0.0,9.3,11.7,10.2,15.9,16.6,0.0,18.4,18.5,4.5,14.8,15.8,11.9,188.59,0.0,7.253,3.627,0.0,0.0,1.813,58.028,0.0,0.0,1450.74,1,1.032918,1.089488,0.8770728,-15.1515151515,33.0,28,
55,Ventura,174.0,14.0,153.0,21.0,13.0,1.0,0.120689655172,0.879310344828,0.0804597701149,0.0,21.9,21.6,7.1,6.7,17.0,16.8,823318,266920,10600.0,10,2493.0,23.4444444444,82.3,2459.73555556,2014.43555556,30620.74,37.1855555556,73.48,2.23,7.35444444444,2.17666666667,0.323333333333,3.73888888889,18.3711111111,11.71,62.4566666667,25.8322222222,6.75555555556,0.0804597701149,7.50452961672,98.0,13.1833333333,3.06666666667,7.87142857143,11.35,11.1571428571,14.4,16.62,14.5666666667,20.2285714286,20.7166666667,4.8,14.5714285714,16.7142857143,12.2833333333,276.222,4.0,20.605,4.727,0.0,0.0,0.364,45.088,0.0,0.0,606.62,1,0.9964433,1.130546,0.8153738,5.77933450088,571.0,604,68132.0
56,Yolo,41.0,1.0,37.0,4.0,1.0,0.0,0.0975609756098,0.90243902439,0.0243902439024,0.0,22.9,22.9,7.0,7.5,15.0,15.2,200849,70872,6709.0,7,471.0,22.6666666667,83.8,1728.45333333,1270.06666667,5293.82666667,37.2416666667,72.655,2.75,9.62333333333,2.135,0.645,4.36166666667,16.925,10.2166666667,64.82,24.9633333333,6.97166666667,0.0243902439024,9.44897959184,28.0,15.5,0.0,9.85,13.75,13.75,16.15,0.0,0.0,20.25,21.95,4.9,15.3,17.15,12.3,287.094,3.974,26.822,2.98,0.0,0.0,0.0,8.444,0.0,0.0,635.58,1,1.032918,1.089488,0.8770728,2.20588235294,136.0,139,5922.0
57,Yuba,14.0,4.0,8.0,6.0,4.0,0.0,0.428571428571,0.571428571429,0.285714285714,1.0,30.5,30.2,7.7,7.7,22.4,22.4,72155,24307,1171.0,3,328.0,30.6666666667,76.5,1538.0,4935.55666667,0.0,20.3966666667,83.0966666667,2.77666666667,7.16,6.79333333333,0.62,8.13,9.98,13.47,60.5066666667,26.0266666667,7.05666666667,0.285714285714,14.6025,14.0,15.2,2.9,8.8,11.7,10.7,15.7,18.9,15.6,21.0,23.1,5.2,15.3,17.6,12.2,272.34,1.382,19.354,5.53,0.0,0.0,0.0,4.147,0.0,0.0,1181.44,1,1.032918,1.089488,0.8770728,14.2857142857,28.0,32,19145.0
